,id.exposure,SNP,effect_allele.exposure,other_allele.exposure,eaf.exposure,beta.exposure,se.exposure,pval.exposure,samplesize.exposure,ncase.exposure,ncontrol.exposure,units.exposure,exposure,pval_origin.exposure,data_source.exposure,mr_keep.exposure,id.exposure.1,SNP.1,effect_allele.exposure.1,other_allele.exposure.1,eaf.exposure.1,beta.exposure.1,se.exposure.1,pval.exposure.1,samplesize.exposure.1,ncase.exposure.1,ncontrol.exposure.1,units.exposure.1,exposure.1,pval_origin.exposure.1,data_source.exposure.1,mr_keep.exposure.1
122,1001,rs11130222,A,T,0.5765,0.026,0.003,4.58E-25,293723,NA,NA,SD (years),Years of schooling || id:1001,reported,mrbase,TRUE,1001,rs11130222,A,T,0.5765,0.026,0.003,4.58E-25,293723,NA,NA,SD (years),Years of schooling || id:1001,reported,mrbase,TRUE
123,1001,rs7029201,A,G,0.4235,0.025,0.003,6.14E-23,293723,NA,NA,SD (years),Years of schooling || id:1001,reported,mrbase,TRUE,1001,rs7029201,A,G,0.4235,0.025,0.003,6.14E-23,293723,NA,NA,SD (years),Years of schooling || id:1001,reported,mrbase,TRUE
124,1001,rs28792186,T,C,0.6045,-0.025,0.003,6.41E-22,293723,NA,NA,SD (years),Years of schooling || id:1001,reported,mrbase,TRUE,1001,rs28792186,T,C,0.6045,-0.025,0.003,6.41E-22,293723,NA,NA,SD (years),Years of schooling || id:1001,reported,mrbase,TRUE
125,1001,rs12987662,A,C,0.3787,0.022,0.003,3.25E-18,293723,NA,NA,SD (years),Years of schooling || id:1001,reported,mrbase,TRUE,1001,rs12987662,A,C,0.3787,0.022,0.003,3.25E-18,293723,NA,NA,SD (years),Years of schooling || id:1001,reported,mrbase,TRUE
126,1001,rs9527702,A,G,0.7631,0.023,0.003,4.99E-17,293723,NA,NA,SD (years),Years of schooling || id:1001,reported,mrbase,TRUE,1001,rs9527702,A,G,0.7631,0.023,0.003,4.99E-17,293723,NA,NA,SD (years),Years of schooling || id:1001,reported,mrbase,TRUE
127,1001,rs34305371,A,G,0.08769,0.036,0.004,2.34E-16,293723,NA,NA,SD (years),Years of schooling || id:1001,reported,mrbase,TRUE,1001,rs34305371,A,G,0.08769,0.036,0.004,2.34E-16,293723,NA,NA,SD (years),Years of schooling || id:1001,reported,mrbase,TRUE
128,1001,rs9739070,A,G,0.2295,0.024,0.003,3.95E-16,293723,NA,NA,SD (years),Years of schooling || id:1001,reported,mrbase,TRUE,1001,rs9739070,A,G,0.2295,0.024,0.003,3.95E-16,293723,NA,NA,SD (years),Years of schooling || id:1001,reported,mrbase,TRUE
129,1001,rs6882046,A,G,0.6866,-0.021,0.003,7.92E-14,293723,NA,NA,SD (years),Years of schooling || id:1001,reported,mrbase,TRUE,1001,rs6882046,A,G,0.6866,-0.021,0.003,7.92E-14,293723,NA,NA,SD (years),Years of schooling || id:1001,reported,mrbase,TRUE
130,1001,rs17824247,T,C,0.5802,-0.018,0.003,5.29E-13,293723,NA,NA,SD (years),Years of schooling || id:1001,reported,mrbase,TRUE,1001,rs17824247,T,C,0.5802,-0.018,0.003,5.29E-13,293723,NA,NA,SD (years),Years of schooling || id:1001,reported,mrbase,TRUE
131,1001,rs61160187,A,G,0.6194,-0.018,0.003,5.93E-13,293723,NA,NA,SD (years),Years of schooling || id:1001,reported,mrbase,TRUE,1001,rs61160187,A,G,0.6194,-0.018,0.003,5.93E-13,293723,NA,NA,SD (years),Years of schooling || id:1001,reported,mrbase,TRUE
132,1001,rs11191193,A,G,0.6511,0.019,0.003,6.97E-13,293723,NA,NA,SD (years),Years of schooling || id:1001,reported,mrbase,TRUE,1001,rs11191193,A,G,0.6511,0.019,0.003,6.97E-13,293723,NA,NA,SD (years),Years of schooling || id:1001,reported,mrbase,TRUE
133,1001,rs11588857,A,G,0.209,0.022,0.003,1.31E-12,293723,NA,NA,SD (years),Years of schooling || id:1001,reported,mrbase,TRUE,1001,rs11588857,A,G,0.209,0.022,0.003,1.31E-12,293723,NA,NA,SD (years),Years of schooling || id:1001,reported,mrbase,TRUE
134,1001,rs2456973,A,C,0.6791,-0.018,0.003,1.58E-12,293723,NA,NA,SD (years),Years of schooling || id:1001,reported,mrbase,TRUE,1001,rs2456973,A,C,0.6791,-0.018,0.003,1.58E-12,293723,NA,NA,SD (years),Years of schooling || id:1001,reported,mrbase,TRUE
135,1001,rs9792504,A,G,0.694,-0.018,0.003,3.25E-12,293723,NA,NA,SD (years),Years of schooling || id:1001,reported,mrbase,TRUE,1001,rs9792504,A,G,0.694,-0.018,0.003,3.25E-12,293723,NA,NA,SD (years),Years of schooling || id:1001,reported,mrbase,TRUE
136,1001,rs4863692,T,G,0.334,0.018,0.003,3.80E-12,293723,NA,NA,SD (years),Years of schooling || id:1001,reported,mrbase,TRUE,1001,rs4863692,T,G,0.334,0.018,0.003,3.80E-12,293723,NA,NA,SD (years),Years of schooling || id:1001,reported,mrbase,TRUE
137,1001,rs12969294,A,G,0.3787,-0.018,0.003,1.11E-11,293723,NA,NA,SD (years),Years of schooling || id:1001,reported,mrbase,TRUE,1001,rs12969294,A,G,0.3787,-0.018,0.003,1.11E-11,293723,NA,NA,SD (years),Years of schooling || id:1001,reported,mrbase,TRUE
138,1001,rs6839705,A,C,0.3601,0.017,0.003,1.72E-11,293723,NA,NA,SD (years),Years of schooling || id:1001,reported,mrbase,TRUE,1001,rs6839705,A,C,0.3601,0.017,0.003,1.72E-11,293723,NA,NA,SD (years),Years of schooling || id:1001,reported,mrbase,TRUE
139,1001,rs7964899,A,G,0.4571,0.017,0.002,1.99E-11,293723,NA,NA,SD (years),Years of schooling || id:1001,reported,mrbase,TRUE,1001,rs7964899,A,G,0.4571,0.017,0.002,1.99E-11,293723,NA,NA,SD (years),Years of schooling || id:1001,reported,mrbase,TRUE
140,1001,rs7599488,T,C,0.4254,-0.017,0.002,2.05E-11,293723,NA,NA,SD (years),Years of schooling || id:1001,reported,mrbase,TRUE,1001,rs7599488,T,C,0.4254,-0.017,0.002,2.05E-11,293723,NA,NA,SD (years),Years of schooling || id:1001,reported,mrbase,TRUE
141,1001,rs12410444,A,G,0.7183,-0.018,0.003,2.14E-11,293723,NA,NA,SD (years),Years of schooling || id:1001,reported,mrbase,TRUE,1001,rs12410444,A,G,0.7183,-0.018,0.003,2.14E-11,293723,NA,NA,SD (years),Years of schooling || id:1001,reported,mrbase,TRUE
142,1001,rs1106761,A,G,0.3601,-0.017,0.003,4.08E-11,293723,NA,NA,SD (years),Years of schooling || id:1001,reported,mrbase,TRUE,1001,rs1106761,A,G,0.3601,-0.017,0.003,4.08E-11,293723,NA,NA,SD (years),Years of schooling || id:1001,reported,mrbase,TRUE
143,1001,rs58694847,C,G,0.3097,-0.018,0.003,7.41E-11,293723,NA,NA,SD (years),Years of schooling || id:1001,reported,mrbase,TRUE,1001,rs58694847,C,G,0.3097,-0.018,0.003,7.41E-11,293723,NA,NA,SD (years),Years of schooling || id:1001,reported,mrbase,TRUE
144,1001,rs1008078,T,C,0.3731,-0.016,0.003,7.88E-11,293723,NA,NA,SD (years),Years of schooling || id:1001,reported,mrbase,TRUE,1001,rs1008078,T,C,0.3731,-0.016,0.003,7.88E-11,293723,NA,NA,SD (years),Years of schooling || id:1001,reported,mrbase,TRUE
145,1001,rs34344888,A,G,0.3974,-0.016,0.003,1.11E-10,293723,NA,NA,SD (years),Years of schooling || id:1001,reported,mrbase,TRUE,1001,rs34344888,A,G,0.3974,-0.016,0.003,1.11E-10,293723,NA,NA,SD (years),Years of schooling || id:1001,reported,mrbase,TRUE
146,1001,rs1378214,T,C,0.3825,-0.016,0.003,1.20E-10,293723,NA,NA,SD (years),Years of schooling || id:1001,reported,mrbase,TRUE,1001,rs1378214,T,C,0.3825,-0.016,0.003,1.20E-10,293723,NA,NA,SD (years),Years of schooling || id:1001,reported,mrbase,TRUE
147,1001,rs16845580,T,C,0.6306,0.016,0.003,2.07E-10,293723,NA,NA,SD (years),Years of schooling || id:1001,reported,mrbase,TRUE,1001,rs16845580,T,C,0.6306,0.016,0.003,2.07E-10,293723,NA,NA,SD (years),Years of schooling || id:1001,reported,mrbase,TRUE
148,1001,rs71537331,T,C,0.3713,-0.017,0.003,2.38E-10,293723,NA,NA,SD (years),Years of schooling || id:1001,reported,mrbase,TRUE,1001,rs71537331,T,C,0.3713,-0.017,0.003,2.38E-10,293723,NA,NA,SD (years),Years of schooling || id:1001,reported,mrbase,TRUE
149,1001,rs12900061,A,G,0.1623,0.021,0.003,2.46E-10,293723,NA,NA,SD (years),Years of schooling || id:1001,reported,mrbase,TRUE,1001,rs12900061,A,G,0.1623,0.021,0.003,2.46E-10,293723,NA,NA,SD (years),Years of schooling || id:1001,reported,mrbase,TRUE
150,1001,rs35771425,T,C,0.7948,0.019,0.003,2.62E-10,293723,NA,NA,SD (years),Years of schooling || id:1001,reported,mrbase,TRUE,1001,rs35771425,T,C,0.7948,0.019,0.003,2.62E-10,293723,NA,NA,SD (years),Years of schooling || id:1001,reported,mrbase,TRUE
151,1001,rs12514965,T,C,0.7388,0.018,0.003,5.12E-10,293723,NA,NA,SD (years),Years of schooling || id:1001,reported,mrbase,TRUE,1001,rs12514965,T,C,0.7388,0.018,0.003,5.12E-10,293723,NA,NA,SD (years),Years of schooling || id:1001,reported,mrbase,TRUE
152,1001,rs7757476,A,G,0.2313,0.02,0.003,9.37E-10,293723,NA,NA,SD (years),Years of schooling || id:1001,reported,mrbase,TRUE,1001,rs7757476,A,G,0.2313,0.02,0.003,9.37E-10,293723,NA,NA,SD (years),Years of schooling || id:1001,reported,mrbase,TRUE
153,1001,rs4741351,A,G,0.3097,-0.017,0.003,1.13E-09,293723,NA,NA,SD (years),Years of schooling || id:1001,reported,mrbase,TRUE,1001,rs4741351,A,G,0.3097,-0.017,0.003,1.13E-09,293723,NA,NA,SD (years),Years of schooling || id:1001,reported,mrbase,TRUE
154,1001,rs320700,A,G,0.6343,0.016,0.003,1.50E-09,293723,NA,NA,SD (years),Years of schooling || id:1001,reported,mrbase,TRUE,1001,rs320700,A,G,0.6343,0.016,0.003,1.50E-09,293723,NA,NA,SD (years),Years of schooling || id:1001,reported,mrbase,TRUE
155,1001,rs28420834,A,G,0.4291,-0.015,0.003,1.55E-09,293723,NA,NA,SD (years),Years of schooling || id:1001,reported,mrbase,TRUE,1001,rs28420834,A,G,0.4291,-0.015,0.003,1.55E-09,293723,NA,NA,SD (years),Years of schooling || id:1001,reported,mrbase,TRUE
156,1001,rs62263923,A,G,0.6437,-0.016,0.003,1.63E-09,293723,NA,NA,SD (years),Years of schooling || id:1001,reported,mrbase,TRUE,1001,rs62263923,A,G,0.6437,-0.016,0.003,1.63E-09,293723,NA,NA,SD (years),Years of schooling || id:1001,reported,mrbase,TRUE
157,1001,rs9616906,A,G,0.4515,0.015,0.003,1.73E-09,293723,NA,NA,SD (years),Years of schooling || id:1001,reported,mrbase,TRUE,1001,rs9616906,A,G,0.4515,0.015,0.003,1.73E-09,293723,NA,NA,SD (years),Years of schooling || id:1001,reported,mrbase,TRUE
158,1001,rs9556958,T,C,0.5019,-0.015,0.002,1.89E-09,293723,NA,NA,SD (years),Years of schooling || id:1001,reported,mrbase,TRUE,1001,rs9556958,T,C,0.5019,-0.015,0.002,1.89E-09,293723,NA,NA,SD (years),Years of schooling || id:1001,reported,mrbase,TRUE
159,1001,rs4800490,A,C,0.5429,-0.015,0.002,2.13E-09,293723,NA,NA,SD (years),Years of schooling || id:1001,reported,mrbase,TRUE,1001,rs4800490,A,C,0.5429,-0.015,0.002,2.13E-09,293723,NA,NA,SD (years),Years of schooling || id:1001,reported,mrbase,TRUE
160,1001,rs4240470,C,G,0.7071,0.016,0.003,2.63E-09,293723,NA,NA,SD (years),Years of schooling || id:1001,reported,mrbase,TRUE,1001,rs4240470,C,G,0.7071,0.016,0.003,2.63E-09,293723,NA,NA,SD (years),Years of schooling || id:1001,reported,mrbase,TRUE
161,1001,rs8049439,T,C,0.6549,0.015,0.003,2.69E-09,293723,NA,NA,SD (years),Years of schooling || id:1001,reported,mrbase,TRUE,1001,rs8049439,T,C,0.6549,0.015,0.003,2.69E-09,293723,NA,NA,SD (years),Years of schooling || id:1001,reported,mrbase,TRUE
162,1001,rs1396967,T,C,0.6063,-0.015,0.003,2.90E-09,293723,NA,NA,SD (years),Years of schooling || id:1001,reported,mrbase,TRUE,1001,rs1396967,T,C,0.6063,-0.015,0.003,2.90E-09,293723,NA,NA,SD (years),Years of schooling || id:1001,reported,mrbase,TRUE
163,1001,rs10483349,A,G,0.8302,-0.019,0.003,3.02E-09,293723,NA,NA,SD (years),Years of schooling || id:1001,reported,mrbase,TRUE,1001,rs10483349,A,G,0.8302,-0.019,0.003,3.02E-09,293723,NA,NA,SD (years),Years of schooling || id:1001,reported,mrbase,TRUE
164,1001,rs11687170,T,C,0.8284,0.024,0.004,3.48E-09,293723,NA,NA,SD (years),Years of schooling || id:1001,reported,mrbase,TRUE,1001,rs11687170,T,C,0.8284,0.024,0.004,3.48E-09,293723,NA,NA,SD (years),Years of schooling || id:1001,reported,mrbase,TRUE
165,1001,rs141979783,T,C,0.05224,0.037,0.006,6.67E-09,293723,NA,NA,SD (years),Years of schooling || id:1001,reported,mrbase,TRUE,1001,rs141979783,T,C,0.05224,0.037,0.006,6.67E-09,293723,NA,NA,SD (years),Years of schooling || id:1001,reported,mrbase,TRUE
166,1001,rs12534506,A,T,0.4534,-0.015,0.003,7.95E-09,293723,NA,NA,SD (years),Years of schooling || id:1001,reported,mrbase,TRUE,1001,rs12534506,A,T,0.4534,-0.015,0.003,7.95E-09,293723,NA,NA,SD (years),Years of schooling || id:1001,reported,mrbase,TRUE
167,1001,rs13421974,T,C,0.5224,0.014,0.002,8.96E-09,293723,NA,NA,SD (years),Years of schooling || id:1001,reported,mrbase,TRUE,1001,rs13421974,T,C,0.5224,0.014,0.002,8.96E-09,293723,NA,NA,SD (years),Years of schooling || id:1001,reported,mrbase,TRUE
168,1001,rs1424580,T,C,0.8004,0.018,0.003,9.58E-09,293723,NA,NA,SD (years),Years of schooling || id:1001,reported,mrbase,TRUE,1001,rs1424580,T,C,0.8004,0.018,0.003,9.58E-09,293723,NA,NA,SD (years),Years of schooling || id:1001,reported,mrbase,TRUE
169,1001,rs4244613,A,G,0.416,-0.014,0.003,9.94E-09,293723,NA,NA,SD (years),Years of schooling || id:1001,reported,mrbase,TRUE,1001,rs4244613,A,G,0.416,-0.014,0.003,9.94E-09,293723,NA,NA,SD (years),Years of schooling || id:1001,reported,mrbase,TRUE
170,1001,rs523934,A,G,0.416,0.015,0.003,1.09E-08,293723,NA,NA,SD (years),Years of schooling || id:1001,reported,mrbase,TRUE,1001,rs523934,A,G,0.416,0.015,0.003,1.09E-08,293723,NA,NA,SD (years),Years of schooling || id:1001,reported,mrbase,TRUE
171,1001,rs62100767,A,G,0.6007,0.014,0.003,1.11E-08,293723,NA,NA,SD (years),Years of schooling || id:1001,reported,mrbase,TRUE,1001,rs62100767,A,G,0.6007,0.014,0.003,1.11E-08,293723,NA,NA,SD (years),Years of schooling || id:1001,reported,mrbase,TRUE
172,1001,rs11222416,T,C,0.416,-0.015,0.003,1.17E-08,293723,NA,NA,SD (years),Years of schooling || id:1001,reported,mrbase,TRUE,1001,rs11222416,T,C,0.416,-0.015,0.003,1.17E-08,293723,NA,NA,SD (years),Years of schooling || id:1001,reported,mrbase,TRUE
173,1001,rs10831912,T,C,0.403,-0.015,0.003,1.23E-08,293723,NA,NA,SD (years),Years of schooling || id:1001,reported,mrbase,TRUE,1001,rs10831912,T,C,0.403,-0.015,0.003,1.23E-08,293723,NA,NA,SD (years),Years of schooling || id:1001,reported,mrbase,TRUE
174,1001,rs12962421,A,G,0.5373,-0.014,0.002,1.50E-08,293723,NA,NA,SD (years),Years of schooling || id:1001,reported,mrbase,TRUE,1001,rs12962421,A,G,0.5373,-0.014,0.002,1.50E-08,293723,NA,NA,SD (years),Years of schooling || id:1001,reported,mrbase,TRUE
175,1001,rs766406,T,G,0.6194,0.014,0.003,1.89E-08,293723,NA,NA,SD (years),Years of schooling || id:1001,reported,mrbase,TRUE,1001,rs766406,T,G,0.6194,0.014,0.003,1.89E-08,293723,NA,NA,SD (years),Years of schooling || id:1001,reported,mrbase,TRUE
176,1001,rs4478846,T,C,0.8526,0.018,0.003,1.93E-08,293723,NA,NA,SD (years),Years of schooling || id:1001,reported,mrbase,TRUE,1001,rs4478846,T,C,0.8526,0.018,0.003,1.93E-08,293723,NA,NA,SD (years),Years of schooling || id:1001,reported,mrbase,TRUE
177,1001,rs7033137,C,G,0.7743,0.016,0.003,2.14E-08,293723,NA,NA,SD (years),Years of schooling || id:1001,reported,mrbase,TRUE,1001,rs7033137,C,G,0.7743,0.016,0.003,2.14E-08,293723,NA,NA,SD (years),Years of schooling || id:1001,reported,mrbase,TRUE
178,1001,rs538628,C,G,0.2444,-0.018,0.003,2.16E-08,293723,NA,NA,SD (years),Years of schooling || id:1001,reported,mrbase,TRUE,1001,rs538628,C,G,0.2444,-0.018,0.003,2.16E-08,293723,NA,NA,SD (years),Years of schooling || id:1001,reported,mrbase,TRUE
179,1001,rs13010288,T,G,0.1119,0.02,0.004,2.21E-08,293723,NA,NA,SD (years),Years of schooling || id:1001,reported,mrbase,TRUE,1001,rs13010288,T,G,0.1119,0.02,0.004,2.21E-08,293723,NA,NA,SD (years),Years of schooling || id:1001,reported,mrbase,TRUE
180,1001,rs4493682,C,G,0.2034,0.019,0.003,2.27E-08,293723,NA,NA,SD (years),Years of schooling || id:1001,reported,mrbase,TRUE,1001,rs4493682,C,G,0.2034,0.019,0.003,2.27E-08,293723,NA,NA,SD (years),Years of schooling || id:1001,reported,mrbase,TRUE
181,1001,rs11726992,T,C,0.6455,0.014,0.003,2.58E-08,293723,NA,NA,SD (years),Years of schooling || id:1001,reported,mrbase,TRUE,1001,rs11726992,T,C,0.6455,0.014,0.003,2.58E-08,293723,NA,NA,SD (years),Years of schooling || id:1001,reported,mrbase,TRUE
182,1001,rs4468571,A,G,0.5765,-0.014,0.003,2.59E-08,293723,NA,NA,SD (years),Years of schooling || id:1001,reported,mrbase,TRUE,1001,rs4468571,A,G,0.5765,-0.014,0.003,2.59E-08,293723,NA,NA,SD (years),Years of schooling || id:1001,reported,mrbase,TRUE
183,1001,rs10006235,T,C,0.2873,-0.015,0.003,2.63E-08,293723,NA,NA,SD (years),Years of schooling || id:1001,reported,mrbase,TRUE,1001,rs10006235,T,C,0.2873,-0.015,0.003,2.63E-08,293723,NA,NA,SD (years),Years of schooling || id:1001,reported,mrbase,TRUE
184,1001,rs4974424,A,G,0.8265,-0.019,0.003,2.64E-08,293723,NA,NA,SD (years),Years of schooling || id:1001,reported,mrbase,TRUE,1001,rs4974424,A,G,0.8265,-0.019,0.003,2.64E-08,293723,NA,NA,SD (years),Years of schooling || id:1001,reported,mrbase,TRUE
185,1001,rs1382358,T,C,0.90672,0.021,0.004,3.17E-08,293723,NA,NA,SD (years),Years of schooling || id:1001,reported,mrbase,TRUE,1001,rs1382358,T,C,0.90672,0.021,0.004,3.17E-08,293723,NA,NA,SD (years),Years of schooling || id:1001,reported,mrbase,TRUE
186,1001,rs12761761,T,C,0.2071,0.017,0.003,3.19E-08,293723,NA,NA,SD (years),Years of schooling || id:1001,reported,mrbase,TRUE,1001,rs12761761,T,C,0.2071,0.017,0.003,3.19E-08,293723,NA,NA,SD (years),Years of schooling || id:1001,reported,mrbase,TRUE
187,1001,rs3095075,A,G,0.5504,-0.014,0.002,3.53E-08,293723,NA,NA,SD (years),Years of schooling || id:1001,reported,mrbase,TRUE,1001,rs3095075,A,G,0.5504,-0.014,0.002,3.53E-08,293723,NA,NA,SD (years),Years of schooling || id:1001,reported,mrbase,TRUE
188,1001,rs7146434,A,G,0.5653,-0.014,0.002,3.74E-08,293723,NA,NA,SD (years),Years of schooling || id:1001,reported,mrbase,TRUE,1001,rs7146434,A,G,0.5653,-0.014,0.002,3.74E-08,293723,NA,NA,SD (years),Years of schooling || id:1001,reported,mrbase,TRUE
189,1001,rs7948975,T,C,0.6586,0.014,0.003,3.83E-08,293723,NA,NA,SD (years),Years of schooling || id:1001,reported,mrbase,TRUE,1001,rs7948975,T,C,0.6586,0.014,0.003,3.83E-08,293723,NA,NA,SD (years),Years of schooling || id:1001,reported,mrbase,TRUE
190,1001,rs10772644,C,G,0.8713,0.021,0.004,4.11E-08,293723,NA,NA,SD (years),Years of schooling || id:1001,reported,mrbase,TRUE,1001,rs10772644,C,G,0.8713,0.021,0.004,4.11E-08,293723,NA,NA,SD (years),Years of schooling || id:1001,reported,mrbase,TRUE
191,1001,rs111321694,T,C,0.1828,-0.018,0.003,4.23E-08,293723,NA,NA,SD (years),Years of schooling || id:1001,reported,mrbase,TRUE,1001,rs111321694,T,C,0.1828,-0.018,0.003,4.23E-08,293723,NA,NA,SD (years),Years of schooling || id:1001,reported,mrbase,TRUE
192,1001,rs17425572,A,G,0.4403,0.014,0.002,4.58E-08,293723,NA,NA,SD (years),Years of schooling || id:1001,reported,mrbase,TRUE,1001,rs17425572,A,G,0.4403,0.014,0.002,4.58E-08,293723,NA,NA,SD (years),Years of schooling || id:1001,reported,mrbase,TRUE
193,1001,rs1035578,A,G,0.569,-0.013,0.002,4.71E-08,293723,NA,NA,SD (years),Years of schooling || id:1001,reported,mrbase,TRUE,1001,rs1035578,A,G,0.569,-0.013,0.002,4.71E-08,293723,NA,NA,SD (years),Years of schooling || id:1001,reported,mrbase,TRUE
194,1001,rs152590,C,G,0.3433,0.014,0.003,4.83E-08,293723,NA,NA,SD (years),Years of schooling || id:1001,reported,mrbase,TRUE,1001,rs152590,C,G,0.3433,0.014,0.003,4.83E-08,293723,NA,NA,SD (years),Years of schooling || id:1001,reported,mrbase,TRUE
