,SNP,effect_allele.exposure,other_allele.exposure,effect_allele.outcome,other_allele.outcome,beta.exposure,beta.outcome,eaf.exposure,eaf.outcome,remove,palindromic,ambiguous,id.outcome,se.outcome,samplesize.outcome,ncase.outcome,ncontrol.outcome,pval.outcome,units.outcome,outcome,consortium.outcome,year.outcome,pmid.outcome,category.outcome,subcategory.outcome,originalname.outcome,outcome.deprecated,mr_keep.outcome,data_source.outcome,proxy.outcome,target_snp.outcome,proxy_snp.outcome,target_a1.outcome,target_a2.outcome,proxy_a1.outcome,proxy_a2.outcome,id.exposure,se.exposure,pval.exposure,samplesize.exposure,ncase.exposure,ncontrol.exposure,units.exposure,exposure,pval_origin.exposure,data_source.exposure,mr_keep.exposure,id.exposure.1,SNP.1,effect_allele.exposure.1,other_allele.exposure.1,eaf.exposure.1,beta.exposure.1,se.exposure.1,pval.exposure.1,samplesize.exposure.1,ncase.exposure.1,ncontrol.exposure.1,units.exposure.1,exposure.1,pval_origin.exposure.1,data_source.exposure.1,mr_keep.exposure.1,action,mr_keep
1,rs10006235,T,C,T,C,-0.015,0.0024,0.2873,NA,FALSE,FALSE,FALSE,297,0.0172,54162,17008,37154,0.8895,log odds,Alzheimer's disease || id:297,IGAP,2013,24162737,Disease,Psychiatric / neurological,Alzheimer's disease,Alzheimer's disease || IGAP || 2013,TRUE,mrbase,NA,NA,NA,NA,NA,NA,NA,1001,0.003,2.63E-08,293723,NA,NA,SD (years),Years of schooling || id:1001,reported,mrbase,TRUE,1001,rs10006235,T,C,0.2873,-0.015,0.003,2.63E-08,293723,NA,NA,SD (years),Years of schooling || id:1001,reported,mrbase,TRUE,2,TRUE
2,rs1008078,T,C,T,C,-0.016,0.0364,0.3731,NA,FALSE,FALSE,FALSE,297,0.0163,54162,17008,37154,0.02584,log odds,Alzheimer's disease || id:297,IGAP,2013,24162737,Disease,Psychiatric / neurological,Alzheimer's disease,Alzheimer's disease || IGAP || 2013,TRUE,mrbase,NA,NA,NA,NA,NA,NA,NA,1001,0.003,7.88E-11,293723,NA,NA,SD (years),Years of schooling || id:1001,reported,mrbase,TRUE,1001,rs1008078,T,C,0.3731,-0.016,0.003,7.88E-11,293723,NA,NA,SD (years),Years of schooling || id:1001,reported,mrbase,TRUE,2,TRUE
3,rs1035578,A,G,A,G,-0.013,0.0131,0.569,NA,FALSE,FALSE,FALSE,297,0.0156,54162,17008,37154,0.4002,log odds,Alzheimer's disease || id:297,IGAP,2013,24162737,Disease,Psychiatric / neurological,Alzheimer's disease,Alzheimer's disease || IGAP || 2013,TRUE,mrbase,NA,NA,NA,NA,NA,NA,NA,1001,0.002,4.71E-08,293723,NA,NA,SD (years),Years of schooling || id:1001,reported,mrbase,TRUE,1001,rs1035578,A,G,0.569,-0.013,0.002,4.71E-08,293723,NA,NA,SD (years),Years of schooling || id:1001,reported,mrbase,TRUE,2,TRUE
4,rs10483349,A,G,A,G,-0.019,0.0258,0.8302,NA,FALSE,FALSE,FALSE,297,0.0199,54162,17008,37154,0.1953,log odds,Alzheimer's disease || id:297,IGAP,2013,24162737,Disease,Psychiatric / neurological,Alzheimer's disease,Alzheimer's disease || IGAP || 2013,TRUE,mrbase,NA,NA,NA,NA,NA,NA,NA,1001,0.003,3.02E-09,293723,NA,NA,SD (years),Years of schooling || id:1001,reported,mrbase,TRUE,1001,rs10483349,A,G,0.8302,-0.019,0.003,3.02E-09,293723,NA,NA,SD (years),Years of schooling || id:1001,reported,mrbase,TRUE,2,TRUE
5,rs10772644,C,G,C,G,0.021,0.0048,0.8713,NA,FALSE,TRUE,TRUE,297,0.0255,54162,17008,37154,0.8508,log odds,Alzheimer's disease || id:297,IGAP,2013,24162737,Disease,Psychiatric / neurological,Alzheimer's disease,Alzheimer's disease || IGAP || 2013,TRUE,mrbase,NA,NA,NA,NA,NA,NA,NA,1001,0.004,4.11E-08,293723,NA,NA,SD (years),Years of schooling || id:1001,reported,mrbase,TRUE,1001,rs10772644,C,G,0.8713,0.021,0.004,4.11E-08,293723,NA,NA,SD (years),Years of schooling || id:1001,reported,mrbase,TRUE,2,FALSE
6,rs10831912,T,C,T,C,-0.015,0.042,0.403,NA,FALSE,FALSE,FALSE,297,0.0159,54162,17008,37154,0.008412,log odds,Alzheimer's disease || id:297,IGAP,2013,24162737,Disease,Psychiatric / neurological,Alzheimer's disease,Alzheimer's disease || IGAP || 2013,TRUE,mrbase,NA,NA,NA,NA,NA,NA,NA,1001,0.003,1.23E-08,293723,NA,NA,SD (years),Years of schooling || id:1001,reported,mrbase,TRUE,1001,rs10831912,T,C,0.403,-0.015,0.003,1.23E-08,293723,NA,NA,SD (years),Years of schooling || id:1001,reported,mrbase,TRUE,2,TRUE
7,rs1106761,A,G,A,G,-0.017,-0.0265,0.3601,NA,FALSE,FALSE,FALSE,297,0.0164,54162,17008,37154,0.1056,log odds,Alzheimer's disease || id:297,IGAP,2013,24162737,Disease,Psychiatric / neurological,Alzheimer's disease,Alzheimer's disease || IGAP || 2013,TRUE,mrbase,TRUE,rs1106761,rs1078141,A,G,T,C,1001,0.003,4.08E-11,293723,NA,NA,SD (years),Years of schooling || id:1001,reported,mrbase,TRUE,1001,rs1106761,A,G,0.3601,-0.017,0.003,4.08E-11,293723,NA,NA,SD (years),Years of schooling || id:1001,reported,mrbase,TRUE,2,TRUE
8,rs11130222,A,T,A,T,0.026,0.0129,0.5765,NA,FALSE,TRUE,TRUE,297,0.0157,54162,17008,37154,0.4097,log odds,Alzheimer's disease || id:297,IGAP,2013,24162737,Disease,Psychiatric / neurological,Alzheimer's disease,Alzheimer's disease || IGAP || 2013,TRUE,mrbase,NA,NA,NA,NA,NA,NA,NA,1001,0.003,4.58E-25,293723,NA,NA,SD (years),Years of schooling || id:1001,reported,mrbase,TRUE,1001,rs11130222,A,T,0.5765,0.026,0.003,4.58E-25,293723,NA,NA,SD (years),Years of schooling || id:1001,reported,mrbase,TRUE,2,FALSE
9,rs111321694,T,C,T,C,-0.018,-0.0036,0.1828,NA,FALSE,FALSE,FALSE,297,0.0239,54162,17008,37154,0.8796,log odds,Alzheimer's disease || id:297,IGAP,2013,24162737,Disease,Psychiatric / neurological,Alzheimer's disease,Alzheimer's disease || IGAP || 2013,TRUE,mrbase,NA,NA,NA,NA,NA,NA,NA,1001,0.003,4.23E-08,293723,NA,NA,SD (years),Years of schooling || id:1001,reported,mrbase,TRUE,1001,rs111321694,T,C,0.1828,-0.018,0.003,4.23E-08,293723,NA,NA,SD (years),Years of schooling || id:1001,reported,mrbase,TRUE,2,TRUE
10,rs11191193,A,G,A,G,0.019,-0.0035,0.6511,NA,FALSE,FALSE,FALSE,297,0.0167,54162,17008,37154,0.8321,log odds,Alzheimer's disease || id:297,IGAP,2013,24162737,Disease,Psychiatric / neurological,Alzheimer's disease,Alzheimer's disease || IGAP || 2013,TRUE,mrbase,NA,NA,NA,NA,NA,NA,NA,1001,0.003,6.97E-13,293723,NA,NA,SD (years),Years of schooling || id:1001,reported,mrbase,TRUE,1001,rs11191193,A,G,0.6511,0.019,0.003,6.97E-13,293723,NA,NA,SD (years),Years of schooling || id:1001,reported,mrbase,TRUE,2,TRUE
11,rs11222416,T,C,T,C,-0.015,-0.0424,0.416,NA,FALSE,FALSE,FALSE,297,0.0174,54162,17008,37154,0.0151,log odds,Alzheimer's disease || id:297,IGAP,2013,24162737,Disease,Psychiatric / neurological,Alzheimer's disease,Alzheimer's disease || IGAP || 2013,TRUE,mrbase,NA,NA,NA,NA,NA,NA,NA,1001,0.003,1.17E-08,293723,NA,NA,SD (years),Years of schooling || id:1001,reported,mrbase,TRUE,1001,rs11222416,T,C,0.416,-0.015,0.003,1.17E-08,293723,NA,NA,SD (years),Years of schooling || id:1001,reported,mrbase,TRUE,2,TRUE
12,rs11588857,A,G,A,G,0.022,0.0085,0.209,NA,FALSE,FALSE,FALSE,297,0.0186,54162,17008,37154,0.648,log odds,Alzheimer's disease || id:297,IGAP,2013,24162737,Disease,Psychiatric / neurological,Alzheimer's disease,Alzheimer's disease || IGAP || 2013,TRUE,mrbase,NA,NA,NA,NA,NA,NA,NA,1001,0.003,1.31E-12,293723,NA,NA,SD (years),Years of schooling || id:1001,reported,mrbase,TRUE,1001,rs11588857,A,G,0.209,0.022,0.003,1.31E-12,293723,NA,NA,SD (years),Years of schooling || id:1001,reported,mrbase,TRUE,2,TRUE
13,rs11687170,T,C,T,C,0.024,-0.0321,0.8284,NA,FALSE,FALSE,FALSE,297,0.0214,54162,17008,37154,0.134,log odds,Alzheimer's disease || id:297,IGAP,2013,24162737,Disease,Psychiatric / neurological,Alzheimer's disease,Alzheimer's disease || IGAP || 2013,TRUE,mrbase,NA,NA,NA,NA,NA,NA,NA,1001,0.004,3.48E-09,293723,NA,NA,SD (years),Years of schooling || id:1001,reported,mrbase,TRUE,1001,rs11687170,T,C,0.8284,0.024,0.004,3.48E-09,293723,NA,NA,SD (years),Years of schooling || id:1001,reported,mrbase,TRUE,2,TRUE
14,rs11726992,T,C,T,C,0.014,-0.01,0.6455,NA,FALSE,FALSE,FALSE,297,0.0188,54162,17008,37154,0.5953,log odds,Alzheimer's disease || id:297,IGAP,2013,24162737,Disease,Psychiatric / neurological,Alzheimer's disease,Alzheimer's disease || IGAP || 2013,TRUE,mrbase,NA,NA,NA,NA,NA,NA,NA,1001,0.003,2.58E-08,293723,NA,NA,SD (years),Years of schooling || id:1001,reported,mrbase,TRUE,1001,rs11726992,T,C,0.6455,0.014,0.003,2.58E-08,293723,NA,NA,SD (years),Years of schooling || id:1001,reported,mrbase,TRUE,2,TRUE
15,rs12410444,A,G,A,G,-0.018,0.0124,0.7183,NA,FALSE,FALSE,FALSE,297,0.0171,54162,17008,37154,0.4705,log odds,Alzheimer's disease || id:297,IGAP,2013,24162737,Disease,Psychiatric / neurological,Alzheimer's disease,Alzheimer's disease || IGAP || 2013,TRUE,mrbase,NA,NA,NA,NA,NA,NA,NA,1001,0.003,2.14E-11,293723,NA,NA,SD (years),Years of schooling || id:1001,reported,mrbase,TRUE,1001,rs12410444,A,G,0.7183,-0.018,0.003,2.14E-11,293723,NA,NA,SD (years),Years of schooling || id:1001,reported,mrbase,TRUE,2,TRUE
16,rs12514965,T,C,T,C,0.018,0.0173,0.7388,NA,FALSE,FALSE,FALSE,297,0.0184,54162,17008,37154,0.3472,log odds,Alzheimer's disease || id:297,IGAP,2013,24162737,Disease,Psychiatric / neurological,Alzheimer's disease,Alzheimer's disease || IGAP || 2013,TRUE,mrbase,NA,NA,NA,NA,NA,NA,NA,1001,0.003,5.12E-10,293723,NA,NA,SD (years),Years of schooling || id:1001,reported,mrbase,TRUE,1001,rs12514965,T,C,0.7388,0.018,0.003,5.12E-10,293723,NA,NA,SD (years),Years of schooling || id:1001,reported,mrbase,TRUE,2,TRUE
17,rs12534506,A,T,A,T,-0.015,-0.0247,0.4534,NA,FALSE,TRUE,TRUE,297,0.0165,54162,17008,37154,0.1348,log odds,Alzheimer's disease || id:297,IGAP,2013,24162737,Disease,Psychiatric / neurological,Alzheimer's disease,Alzheimer's disease || IGAP || 2013,TRUE,mrbase,TRUE,rs12534506,rs2106167,A,T,G,A,1001,0.003,7.95E-09,293723,NA,NA,SD (years),Years of schooling || id:1001,reported,mrbase,TRUE,1001,rs12534506,A,T,0.4534,-0.015,0.003,7.95E-09,293723,NA,NA,SD (years),Years of schooling || id:1001,reported,mrbase,TRUE,2,FALSE
18,rs12761761,T,C,T,C,0.017,-0.0104,0.2071,NA,FALSE,FALSE,FALSE,297,0.0194,54162,17008,37154,0.5908,log odds,Alzheimer's disease || id:297,IGAP,2013,24162737,Disease,Psychiatric / neurological,Alzheimer's disease,Alzheimer's disease || IGAP || 2013,TRUE,mrbase,NA,NA,NA,NA,NA,NA,NA,1001,0.003,3.19E-08,293723,NA,NA,SD (years),Years of schooling || id:1001,reported,mrbase,TRUE,1001,rs12761761,T,C,0.2071,0.017,0.003,3.19E-08,293723,NA,NA,SD (years),Years of schooling || id:1001,reported,mrbase,TRUE,2,TRUE
19,rs12900061,A,G,A,G,0.021,-0.0069,0.1623,NA,FALSE,FALSE,FALSE,297,0.0207,54162,17008,37154,0.7383,log odds,Alzheimer's disease || id:297,IGAP,2013,24162737,Disease,Psychiatric / neurological,Alzheimer's disease,Alzheimer's disease || IGAP || 2013,TRUE,mrbase,NA,NA,NA,NA,NA,NA,NA,1001,0.003,2.46E-10,293723,NA,NA,SD (years),Years of schooling || id:1001,reported,mrbase,TRUE,1001,rs12900061,A,G,0.1623,0.021,0.003,2.46E-10,293723,NA,NA,SD (years),Years of schooling || id:1001,reported,mrbase,TRUE,2,TRUE
20,rs12962421,A,G,A,G,-0.014,-0.0015,0.5373,NA,FALSE,FALSE,FALSE,297,0.0156,54162,17008,37154,0.921,log odds,Alzheimer's disease || id:297,IGAP,2013,24162737,Disease,Psychiatric / neurological,Alzheimer's disease,Alzheimer's disease || IGAP || 2013,TRUE,mrbase,NA,NA,NA,NA,NA,NA,NA,1001,0.002,1.50E-08,293723,NA,NA,SD (years),Years of schooling || id:1001,reported,mrbase,TRUE,1001,rs12962421,A,G,0.5373,-0.014,0.002,1.50E-08,293723,NA,NA,SD (years),Years of schooling || id:1001,reported,mrbase,TRUE,2,TRUE
21,rs12969294,A,G,A,G,-0.018,-0.0066,0.3787,NA,FALSE,FALSE,FALSE,297,0.0164,54162,17008,37154,0.6891,log odds,Alzheimer's disease || id:297,IGAP,2013,24162737,Disease,Psychiatric / neurological,Alzheimer's disease,Alzheimer's disease || IGAP || 2013,TRUE,mrbase,NA,NA,NA,NA,NA,NA,NA,1001,0.003,1.11E-11,293723,NA,NA,SD (years),Years of schooling || id:1001,reported,mrbase,TRUE,1001,rs12969294,A,G,0.3787,-0.018,0.003,1.11E-11,293723,NA,NA,SD (years),Years of schooling || id:1001,reported,mrbase,TRUE,2,TRUE
22,rs12987662,A,C,A,C,0.022,-0.0238,0.3787,NA,FALSE,FALSE,FALSE,297,0.0159,54162,17008,37154,0.1346,log odds,Alzheimer's disease || id:297,IGAP,2013,24162737,Disease,Psychiatric / neurological,Alzheimer's disease,Alzheimer's disease || IGAP || 2013,TRUE,mrbase,NA,NA,NA,NA,NA,NA,NA,1001,0.003,3.25E-18,293723,NA,NA,SD (years),Years of schooling || id:1001,reported,mrbase,TRUE,1001,rs12987662,A,C,0.3787,0.022,0.003,3.25E-18,293723,NA,NA,SD (years),Years of schooling || id:1001,reported,mrbase,TRUE,2,TRUE
23,rs13010288,T,G,T,G,0.02,-0.0139,0.1119,NA,FALSE,FALSE,FALSE,297,0.0258,54162,17008,37154,0.5888,log odds,Alzheimer's disease || id:297,IGAP,2013,24162737,Disease,Psychiatric / neurological,Alzheimer's disease,Alzheimer's disease || IGAP || 2013,TRUE,mrbase,NA,NA,NA,NA,NA,NA,NA,1001,0.004,2.21E-08,293723,NA,NA,SD (years),Years of schooling || id:1001,reported,mrbase,TRUE,1001,rs13010288,T,G,0.1119,0.02,0.004,2.21E-08,293723,NA,NA,SD (years),Years of schooling || id:1001,reported,mrbase,TRUE,2,TRUE
24,rs13421974,T,C,T,C,0.014,-0.0018,0.5224,NA,FALSE,FALSE,FALSE,297,0.0158,54162,17008,37154,0.9092,log odds,Alzheimer's disease || id:297,IGAP,2013,24162737,Disease,Psychiatric / neurological,Alzheimer's disease,Alzheimer's disease || IGAP || 2013,TRUE,mrbase,NA,NA,NA,NA,NA,NA,NA,1001,0.002,8.96E-09,293723,NA,NA,SD (years),Years of schooling || id:1001,reported,mrbase,TRUE,1001,rs13421974,T,C,0.5224,0.014,0.002,8.96E-09,293723,NA,NA,SD (years),Years of schooling || id:1001,reported,mrbase,TRUE,2,TRUE
25,rs1378214,T,C,T,C,-0.016,0.0242,0.3825,NA,FALSE,FALSE,FALSE,297,0.0159,54162,17008,37154,0.1288,log odds,Alzheimer's disease || id:297,IGAP,2013,24162737,Disease,Psychiatric / neurological,Alzheimer's disease,Alzheimer's disease || IGAP || 2013,TRUE,mrbase,NA,NA,NA,NA,NA,NA,NA,1001,0.003,1.20E-10,293723,NA,NA,SD (years),Years of schooling || id:1001,reported,mrbase,TRUE,1001,rs1378214,T,C,0.3825,-0.016,0.003,1.20E-10,293723,NA,NA,SD (years),Years of schooling || id:1001,reported,mrbase,TRUE,2,TRUE
26,rs1382358,T,C,T,C,0.021,-0.0336,0.90672,NA,FALSE,FALSE,FALSE,297,0.0283,54162,17008,37154,0.2353,log odds,Alzheimer's disease || id:297,IGAP,2013,24162737,Disease,Psychiatric / neurological,Alzheimer's disease,Alzheimer's disease || IGAP || 2013,TRUE,mrbase,NA,NA,NA,NA,NA,NA,NA,1001,0.004,3.17E-08,293723,NA,NA,SD (years),Years of schooling || id:1001,reported,mrbase,TRUE,1001,rs1382358,T,C,0.90672,0.021,0.004,3.17E-08,293723,NA,NA,SD (years),Years of schooling || id:1001,reported,mrbase,TRUE,2,TRUE
27,rs1396967,T,C,T,C,-0.015,0.0038,0.6063,NA,FALSE,FALSE,FALSE,297,0.0206,54162,17008,37154,0.8542,log odds,Alzheimer's disease || id:297,IGAP,2013,24162737,Disease,Psychiatric / neurological,Alzheimer's disease,Alzheimer's disease || IGAP || 2013,TRUE,mrbase,TRUE,rs1396967,rs10995426,C,T,C,T,1001,0.003,2.90E-09,293723,NA,NA,SD (years),Years of schooling || id:1001,reported,mrbase,TRUE,1001,rs1396967,T,C,0.6063,-0.015,0.003,2.90E-09,293723,NA,NA,SD (years),Years of schooling || id:1001,reported,mrbase,TRUE,2,TRUE
28,rs141979783,T,C,T,C,0.037,0.0656,0.05224,NA,FALSE,FALSE,FALSE,297,0.0641,54162,17008,37154,0.3065,log odds,Alzheimer's disease || id:297,IGAP,2013,24162737,Disease,Psychiatric / neurological,Alzheimer's disease,Alzheimer's disease || IGAP || 2013,TRUE,mrbase,NA,NA,NA,NA,NA,NA,NA,1001,0.006,6.67E-09,293723,NA,NA,SD (years),Years of schooling || id:1001,reported,mrbase,TRUE,1001,rs141979783,T,C,0.05224,0.037,0.006,6.67E-09,293723,NA,NA,SD (years),Years of schooling || id:1001,reported,mrbase,TRUE,2,TRUE
29,rs1424580,T,C,T,C,0.018,-0.0256,0.8004,NA,FALSE,FALSE,FALSE,297,0.0197,54162,17008,37154,0.1935,log odds,Alzheimer's disease || id:297,IGAP,2013,24162737,Disease,Psychiatric / neurological,Alzheimer's disease,Alzheimer's disease || IGAP || 2013,TRUE,mrbase,NA,NA,NA,NA,NA,NA,NA,1001,0.003,9.58E-09,293723,NA,NA,SD (years),Years of schooling || id:1001,reported,mrbase,TRUE,1001,rs1424580,T,C,0.8004,0.018,0.003,9.58E-09,293723,NA,NA,SD (years),Years of schooling || id:1001,reported,mrbase,TRUE,2,TRUE
30,rs152590,C,G,C,G,0.014,7.00E-04,0.3433,NA,FALSE,TRUE,TRUE,297,0.0165,54162,17008,37154,0.9644,log odds,Alzheimer's disease || id:297,IGAP,2013,24162737,Disease,Psychiatric / neurological,Alzheimer's disease,Alzheimer's disease || IGAP || 2013,TRUE,mrbase,NA,NA,NA,NA,NA,NA,NA,1001,0.003,4.83E-08,293723,NA,NA,SD (years),Years of schooling || id:1001,reported,mrbase,TRUE,1001,rs152590,C,G,0.3433,0.014,0.003,4.83E-08,293723,NA,NA,SD (years),Years of schooling || id:1001,reported,mrbase,TRUE,2,FALSE
31,rs16845580,T,C,T,C,0.016,-0.0266,0.6306,NA,FALSE,FALSE,FALSE,297,0.016,54162,17008,37154,0.09728,log odds,Alzheimer's disease || id:297,IGAP,2013,24162737,Disease,Psychiatric / neurological,Alzheimer's disease,Alzheimer's disease || IGAP || 2013,TRUE,mrbase,NA,NA,NA,NA,NA,NA,NA,1001,0.003,2.07E-10,293723,NA,NA,SD (years),Years of schooling || id:1001,reported,mrbase,TRUE,1001,rs16845580,T,C,0.6306,0.016,0.003,2.07E-10,293723,NA,NA,SD (years),Years of schooling || id:1001,reported,mrbase,TRUE,2,TRUE
32,rs17425572,A,G,A,G,0.014,-0.0039,0.4403,NA,FALSE,FALSE,FALSE,297,0.0156,54162,17008,37154,0.8027,log odds,Alzheimer's disease || id:297,IGAP,2013,24162737,Disease,Psychiatric / neurological,Alzheimer's disease,Alzheimer's disease || IGAP || 2013,TRUE,mrbase,NA,NA,NA,NA,NA,NA,NA,1001,0.002,4.58E-08,293723,NA,NA,SD (years),Years of schooling || id:1001,reported,mrbase,TRUE,1001,rs17425572,A,G,0.4403,0.014,0.002,4.58E-08,293723,NA,NA,SD (years),Years of schooling || id:1001,reported,mrbase,TRUE,2,TRUE
33,rs17824247,T,C,T,C,-0.018,-0.0031,0.5802,NA,FALSE,FALSE,FALSE,297,0.0158,54162,17008,37154,0.8436,log odds,Alzheimer's disease || id:297,IGAP,2013,24162737,Disease,Psychiatric / neurological,Alzheimer's disease,Alzheimer's disease || IGAP || 2013,TRUE,mrbase,NA,NA,NA,NA,NA,NA,NA,1001,0.003,5.29E-13,293723,NA,NA,SD (years),Years of schooling || id:1001,reported,mrbase,TRUE,1001,rs17824247,T,C,0.5802,-0.018,0.003,5.29E-13,293723,NA,NA,SD (years),Years of schooling || id:1001,reported,mrbase,TRUE,2,TRUE
34,rs2456973,A,C,A,C,-0.018,0.015,0.6791,NA,FALSE,FALSE,FALSE,297,0.0164,54162,17008,37154,0.362,log odds,Alzheimer's disease || id:297,IGAP,2013,24162737,Disease,Psychiatric / neurological,Alzheimer's disease,Alzheimer's disease || IGAP || 2013,TRUE,mrbase,NA,NA,NA,NA,NA,NA,NA,1001,0.003,1.58E-12,293723,NA,NA,SD (years),Years of schooling || id:1001,reported,mrbase,TRUE,1001,rs2456973,A,C,0.6791,-0.018,0.003,1.58E-12,293723,NA,NA,SD (years),Years of schooling || id:1001,reported,mrbase,TRUE,2,TRUE
35,rs28420834,A,G,A,G,-0.015,0.0296,0.4291,NA,FALSE,FALSE,FALSE,297,0.0168,54162,17008,37154,0.07839,log odds,Alzheimer's disease || id:297,IGAP,2013,24162737,Disease,Psychiatric / neurological,Alzheimer's disease,Alzheimer's disease || IGAP || 2013,TRUE,mrbase,NA,NA,NA,NA,NA,NA,NA,1001,0.003,1.55E-09,293723,NA,NA,SD (years),Years of schooling || id:1001,reported,mrbase,TRUE,1001,rs28420834,A,G,0.4291,-0.015,0.003,1.55E-09,293723,NA,NA,SD (years),Years of schooling || id:1001,reported,mrbase,TRUE,2,TRUE
36,rs28792186,T,C,T,C,-0.025,0.0316,0.6045,NA,FALSE,FALSE,FALSE,297,0.0158,54162,17008,37154,0.04534,log odds,Alzheimer's disease || id:297,IGAP,2013,24162737,Disease,Psychiatric / neurological,Alzheimer's disease,Alzheimer's disease || IGAP || 2013,TRUE,mrbase,TRUE,rs28792186,rs4576255,C,T,G,T,1001,0.003,6.41E-22,293723,NA,NA,SD (years),Years of schooling || id:1001,reported,mrbase,TRUE,1001,rs28792186,T,C,0.6045,-0.025,0.003,6.41E-22,293723,NA,NA,SD (years),Years of schooling || id:1001,reported,mrbase,TRUE,2,TRUE
37,rs3095075,A,G,A,G,-0.014,-1.00E-04,0.5504,NA,FALSE,FALSE,FALSE,297,0.016,54162,17008,37154,0.9932,log odds,Alzheimer's disease || id:297,IGAP,2013,24162737,Disease,Psychiatric / neurological,Alzheimer's disease,Alzheimer's disease || IGAP || 2013,TRUE,mrbase,NA,NA,NA,NA,NA,NA,NA,1001,0.002,3.53E-08,293723,NA,NA,SD (years),Years of schooling || id:1001,reported,mrbase,TRUE,1001,rs3095075,A,G,0.5504,-0.014,0.002,3.53E-08,293723,NA,NA,SD (years),Years of schooling || id:1001,reported,mrbase,TRUE,2,TRUE
38,rs320700,A,G,A,G,0.016,-0.005,0.6343,NA,FALSE,FALSE,FALSE,297,0.0162,54162,17008,37154,0.7554,log odds,Alzheimer's disease || id:297,IGAP,2013,24162737,Disease,Psychiatric / neurological,Alzheimer's disease,Alzheimer's disease || IGAP || 2013,TRUE,mrbase,NA,NA,NA,NA,NA,NA,NA,1001,0.003,1.50E-09,293723,NA,NA,SD (years),Years of schooling || id:1001,reported,mrbase,TRUE,1001,rs320700,A,G,0.6343,0.016,0.003,1.50E-09,293723,NA,NA,SD (years),Years of schooling || id:1001,reported,mrbase,TRUE,2,TRUE
39,rs34305371,A,G,A,G,0.036,-0.0531,0.08769,NA,FALSE,FALSE,FALSE,297,0.0356,54162,17008,37154,0.1362,log odds,Alzheimer's disease || id:297,IGAP,2013,24162737,Disease,Psychiatric / neurological,Alzheimer's disease,Alzheimer's disease || IGAP || 2013,TRUE,mrbase,NA,NA,NA,NA,NA,NA,NA,1001,0.004,2.34E-16,293723,NA,NA,SD (years),Years of schooling || id:1001,reported,mrbase,TRUE,1001,rs34305371,A,G,0.08769,0.036,0.004,2.34E-16,293723,NA,NA,SD (years),Years of schooling || id:1001,reported,mrbase,TRUE,2,TRUE
40,rs34344888,A,G,A,G,-0.016,2.00E-04,0.3974,NA,FALSE,FALSE,FALSE,297,0.0159,54162,17008,37154,0.9921,log odds,Alzheimer's disease || id:297,IGAP,2013,24162737,Disease,Psychiatric / neurological,Alzheimer's disease,Alzheimer's disease || IGAP || 2013,TRUE,mrbase,NA,NA,NA,NA,NA,NA,NA,1001,0.003,1.11E-10,293723,NA,NA,SD (years),Years of schooling || id:1001,reported,mrbase,TRUE,1001,rs34344888,A,G,0.3974,-0.016,0.003,1.11E-10,293723,NA,NA,SD (years),Years of schooling || id:1001,reported,mrbase,TRUE,2,TRUE
41,rs35771425,T,C,T,C,0.019,-7.00E-04,0.7948,NA,FALSE,FALSE,FALSE,297,0.0187,54162,17008,37154,0.9693,log odds,Alzheimer's disease || id:297,IGAP,2013,24162737,Disease,Psychiatric / neurological,Alzheimer's disease,Alzheimer's disease || IGAP || 2013,TRUE,mrbase,NA,NA,NA,NA,NA,NA,NA,1001,0.003,2.62E-10,293723,NA,NA,SD (years),Years of schooling || id:1001,reported,mrbase,TRUE,1001,rs35771425,T,C,0.7948,0.019,0.003,2.62E-10,293723,NA,NA,SD (years),Years of schooling || id:1001,reported,mrbase,TRUE,2,TRUE
42,rs4240470,C,G,C,G,0.016,-0.0053,0.7071,NA,FALSE,TRUE,TRUE,297,0.0174,54162,17008,37154,0.7612,log odds,Alzheimer's disease || id:297,IGAP,2013,24162737,Disease,Psychiatric / neurological,Alzheimer's disease,Alzheimer's disease || IGAP || 2013,TRUE,mrbase,NA,NA,NA,NA,NA,NA,NA,1001,0.003,2.63E-09,293723,NA,NA,SD (years),Years of schooling || id:1001,reported,mrbase,TRUE,1001,rs4240470,C,G,0.7071,0.016,0.003,2.63E-09,293723,NA,NA,SD (years),Years of schooling || id:1001,reported,mrbase,TRUE,2,FALSE
43,rs4244613,A,G,A,G,-0.014,0.0144,0.416,NA,FALSE,FALSE,FALSE,297,0.017,54162,17008,37154,0.397,log odds,Alzheimer's disease || id:297,IGAP,2013,24162737,Disease,Psychiatric / neurological,Alzheimer's disease,Alzheimer's disease || IGAP || 2013,TRUE,mrbase,NA,NA,NA,NA,NA,NA,NA,1001,0.003,9.94E-09,293723,NA,NA,SD (years),Years of schooling || id:1001,reported,mrbase,TRUE,1001,rs4244613,A,G,0.416,-0.014,0.003,9.94E-09,293723,NA,NA,SD (years),Years of schooling || id:1001,reported,mrbase,TRUE,2,TRUE
44,rs4468571,A,G,A,G,-0.014,0.0156,0.5765,NA,FALSE,FALSE,FALSE,297,0.0156,54162,17008,37154,0.3195,log odds,Alzheimer's disease || id:297,IGAP,2013,24162737,Disease,Psychiatric / neurological,Alzheimer's disease,Alzheimer's disease || IGAP || 2013,TRUE,mrbase,NA,NA,NA,NA,NA,NA,NA,1001,0.003,2.59E-08,293723,NA,NA,SD (years),Years of schooling || id:1001,reported,mrbase,TRUE,1001,rs4468571,A,G,0.5765,-0.014,0.003,2.59E-08,293723,NA,NA,SD (years),Years of schooling || id:1001,reported,mrbase,TRUE,2,TRUE
45,rs4478846,T,C,T,C,0.018,-0.0157,0.8526,NA,FALSE,FALSE,FALSE,297,0.0212,54162,17008,37154,0.4573,log odds,Alzheimer's disease || id:297,IGAP,2013,24162737,Disease,Psychiatric / neurological,Alzheimer's disease,Alzheimer's disease || IGAP || 2013,TRUE,mrbase,NA,NA,NA,NA,NA,NA,NA,1001,0.003,1.93E-08,293723,NA,NA,SD (years),Years of schooling || id:1001,reported,mrbase,TRUE,1001,rs4478846,T,C,0.8526,0.018,0.003,1.93E-08,293723,NA,NA,SD (years),Years of schooling || id:1001,reported,mrbase,TRUE,2,TRUE
46,rs4493682,C,G,C,G,0.019,-0.0041,0.2034,NA,FALSE,TRUE,TRUE,297,0.02,54162,17008,37154,0.8389,log odds,Alzheimer's disease || id:297,IGAP,2013,24162737,Disease,Psychiatric / neurological,Alzheimer's disease,Alzheimer's disease || IGAP || 2013,TRUE,mrbase,NA,NA,NA,NA,NA,NA,NA,1001,0.003,2.27E-08,293723,NA,NA,SD (years),Years of schooling || id:1001,reported,mrbase,TRUE,1001,rs4493682,C,G,0.2034,0.019,0.003,2.27E-08,293723,NA,NA,SD (years),Years of schooling || id:1001,reported,mrbase,TRUE,2,FALSE
47,rs4741351,A,G,A,G,-0.017,0.0092,0.3097,NA,FALSE,FALSE,FALSE,297,0.0182,54162,17008,37154,0.6145,log odds,Alzheimer's disease || id:297,IGAP,2013,24162737,Disease,Psychiatric / neurological,Alzheimer's disease,Alzheimer's disease || IGAP || 2013,TRUE,mrbase,NA,NA,NA,NA,NA,NA,NA,1001,0.003,1.13E-09,293723,NA,NA,SD (years),Years of schooling || id:1001,reported,mrbase,TRUE,1001,rs4741351,A,G,0.3097,-0.017,0.003,1.13E-09,293723,NA,NA,SD (years),Years of schooling || id:1001,reported,mrbase,TRUE,2,TRUE
48,rs4800490,A,C,A,C,-0.015,-0.0116,0.5429,NA,FALSE,FALSE,FALSE,297,0.0161,54162,17008,37154,0.4725,log odds,Alzheimer's disease || id:297,IGAP,2013,24162737,Disease,Psychiatric / neurological,Alzheimer's disease,Alzheimer's disease || IGAP || 2013,TRUE,mrbase,NA,NA,NA,NA,NA,NA,NA,1001,0.002,2.13E-09,293723,NA,NA,SD (years),Years of schooling || id:1001,reported,mrbase,TRUE,1001,rs4800490,A,C,0.5429,-0.015,0.002,2.13E-09,293723,NA,NA,SD (years),Years of schooling || id:1001,reported,mrbase,TRUE,2,TRUE
49,rs4863692,T,G,T,G,0.018,0.0085,0.334,NA,FALSE,FALSE,FALSE,297,0.0168,54162,17008,37154,0.6132,log odds,Alzheimer's disease || id:297,IGAP,2013,24162737,Disease,Psychiatric / neurological,Alzheimer's disease,Alzheimer's disease || IGAP || 2013,TRUE,mrbase,NA,NA,NA,NA,NA,NA,NA,1001,0.003,3.80E-12,293723,NA,NA,SD (years),Years of schooling || id:1001,reported,mrbase,TRUE,1001,rs4863692,T,G,0.334,0.018,0.003,3.80E-12,293723,NA,NA,SD (years),Years of schooling || id:1001,reported,mrbase,TRUE,2,TRUE
50,rs4974424,A,G,A,G,-0.019,0.0264,0.8265,NA,FALSE,FALSE,FALSE,297,0.0205,54162,17008,37154,0.1993,log odds,Alzheimer's disease || id:297,IGAP,2013,24162737,Disease,Psychiatric / neurological,Alzheimer's disease,Alzheimer's disease || IGAP || 2013,TRUE,mrbase,NA,NA,NA,NA,NA,NA,NA,1001,0.003,2.64E-08,293723,NA,NA,SD (years),Years of schooling || id:1001,reported,mrbase,TRUE,1001,rs4974424,A,G,0.8265,-0.019,0.003,2.64E-08,293723,NA,NA,SD (years),Years of schooling || id:1001,reported,mrbase,TRUE,2,TRUE
51,rs523934,A,G,A,G,0.015,-0.0287,0.416,NA,FALSE,FALSE,FALSE,297,0.0164,54162,17008,37154,0.08072,log odds,Alzheimer's disease || id:297,IGAP,2013,24162737,Disease,Psychiatric / neurological,Alzheimer's disease,Alzheimer's disease || IGAP || 2013,TRUE,mrbase,TRUE,rs523934,rs4430471,A,G,A,G,1001,0.003,1.09E-08,293723,NA,NA,SD (years),Years of schooling || id:1001,reported,mrbase,TRUE,1001,rs523934,A,G,0.416,0.015,0.003,1.09E-08,293723,NA,NA,SD (years),Years of schooling || id:1001,reported,mrbase,TRUE,2,TRUE
52,rs538628,C,G,C,G,-0.018,-0.033,0.2444,NA,FALSE,TRUE,TRUE,297,0.0181,54162,17008,37154,0.06827,log odds,Alzheimer's disease || id:297,IGAP,2013,24162737,Disease,Psychiatric / neurological,Alzheimer's disease,Alzheimer's disease || IGAP || 2013,TRUE,mrbase,TRUE,rs538628,rs183211,C,G,A,G,1001,0.003,2.16E-08,293723,NA,NA,SD (years),Years of schooling || id:1001,reported,mrbase,TRUE,1001,rs538628,C,G,0.2444,-0.018,0.003,2.16E-08,293723,NA,NA,SD (years),Years of schooling || id:1001,reported,mrbase,TRUE,2,FALSE
53,rs58694847,C,G,C,G,-0.018,-0.0125,0.3097,NA,FALSE,TRUE,TRUE,297,0.0177,54162,17008,37154,0.4799,log odds,Alzheimer's disease || id:297,IGAP,2013,24162737,Disease,Psychiatric / neurological,Alzheimer's disease,Alzheimer's disease || IGAP || 2013,TRUE,mrbase,NA,NA,NA,NA,NA,NA,NA,1001,0.003,7.41E-11,293723,NA,NA,SD (years),Years of schooling || id:1001,reported,mrbase,TRUE,1001,rs58694847,C,G,0.3097,-0.018,0.003,7.41E-11,293723,NA,NA,SD (years),Years of schooling || id:1001,reported,mrbase,TRUE,2,FALSE
54,rs61160187,A,G,A,G,-0.018,0.0267,0.6194,NA,FALSE,FALSE,FALSE,297,0.0163,54162,17008,37154,0.1007,log odds,Alzheimer's disease || id:297,IGAP,2013,24162737,Disease,Psychiatric / neurological,Alzheimer's disease,Alzheimer's disease || IGAP || 2013,TRUE,mrbase,NA,NA,NA,NA,NA,NA,NA,1001,0.003,5.93E-13,293723,NA,NA,SD (years),Years of schooling || id:1001,reported,mrbase,TRUE,1001,rs61160187,A,G,0.6194,-0.018,0.003,5.93E-13,293723,NA,NA,SD (years),Years of schooling || id:1001,reported,mrbase,TRUE,2,TRUE
55,rs62100767,A,G,A,G,0.014,0.0261,0.6007,NA,FALSE,FALSE,FALSE,297,0.016,54162,17008,37154,0.102,log odds,Alzheimer's disease || id:297,IGAP,2013,24162737,Disease,Psychiatric / neurological,Alzheimer's disease,Alzheimer's disease || IGAP || 2013,TRUE,mrbase,NA,NA,NA,NA,NA,NA,NA,1001,0.003,1.11E-08,293723,NA,NA,SD (years),Years of schooling || id:1001,reported,mrbase,TRUE,1001,rs62100767,A,G,0.6007,0.014,0.003,1.11E-08,293723,NA,NA,SD (years),Years of schooling || id:1001,reported,mrbase,TRUE,2,TRUE
56,rs62263923,A,G,A,G,-0.016,-0.0057,0.6437,NA,FALSE,FALSE,FALSE,297,0.0161,54162,17008,37154,0.7243,log odds,Alzheimer's disease || id:297,IGAP,2013,24162737,Disease,Psychiatric / neurological,Alzheimer's disease,Alzheimer's disease || IGAP || 2013,TRUE,mrbase,NA,NA,NA,NA,NA,NA,NA,1001,0.003,1.63E-09,293723,NA,NA,SD (years),Years of schooling || id:1001,reported,mrbase,TRUE,1001,rs62263923,A,G,0.6437,-0.016,0.003,1.63E-09,293723,NA,NA,SD (years),Years of schooling || id:1001,reported,mrbase,TRUE,2,TRUE
57,rs6839705,A,C,A,C,0.017,-0.0015,0.3601,NA,FALSE,FALSE,FALSE,297,0.0161,54162,17008,37154,0.9245,log odds,Alzheimer's disease || id:297,IGAP,2013,24162737,Disease,Psychiatric / neurological,Alzheimer's disease,Alzheimer's disease || IGAP || 2013,TRUE,mrbase,NA,NA,NA,NA,NA,NA,NA,1001,0.003,1.72E-11,293723,NA,NA,SD (years),Years of schooling || id:1001,reported,mrbase,TRUE,1001,rs6839705,A,C,0.3601,0.017,0.003,1.72E-11,293723,NA,NA,SD (years),Years of schooling || id:1001,reported,mrbase,TRUE,2,TRUE
58,rs6882046,A,G,A,G,-0.021,0.0436,0.6866,NA,FALSE,FALSE,FALSE,297,0.017,54162,17008,37154,0.0103,log odds,Alzheimer's disease || id:297,IGAP,2013,24162737,Disease,Psychiatric / neurological,Alzheimer's disease,Alzheimer's disease || IGAP || 2013,TRUE,mrbase,NA,NA,NA,NA,NA,NA,NA,1001,0.003,7.92E-14,293723,NA,NA,SD (years),Years of schooling || id:1001,reported,mrbase,TRUE,1001,rs6882046,A,G,0.6866,-0.021,0.003,7.92E-14,293723,NA,NA,SD (years),Years of schooling || id:1001,reported,mrbase,TRUE,2,TRUE
59,rs7029201,A,G,A,G,0.025,-0.0241,0.4235,NA,FALSE,FALSE,FALSE,297,0.0172,54162,17008,37154,0.1602,log odds,Alzheimer's disease || id:297,IGAP,2013,24162737,Disease,Psychiatric / neurological,Alzheimer's disease,Alzheimer's disease || IGAP || 2013,TRUE,mrbase,NA,NA,NA,NA,NA,NA,NA,1001,0.003,6.14E-23,293723,NA,NA,SD (years),Years of schooling || id:1001,reported,mrbase,TRUE,1001,rs7029201,A,G,0.4235,0.025,0.003,6.14E-23,293723,NA,NA,SD (years),Years of schooling || id:1001,reported,mrbase,TRUE,2,TRUE
60,rs7033137,C,G,C,G,0.016,0.0063,0.7743,NA,FALSE,TRUE,TRUE,297,0.0203,54162,17008,37154,0.756,log odds,Alzheimer's disease || id:297,IGAP,2013,24162737,Disease,Psychiatric / neurological,Alzheimer's disease,Alzheimer's disease || IGAP || 2013,TRUE,mrbase,NA,NA,NA,NA,NA,NA,NA,1001,0.003,2.14E-08,293723,NA,NA,SD (years),Years of schooling || id:1001,reported,mrbase,TRUE,1001,rs7033137,C,G,0.7743,0.016,0.003,2.14E-08,293723,NA,NA,SD (years),Years of schooling || id:1001,reported,mrbase,TRUE,2,FALSE
61,rs7146434,A,G,A,G,-0.014,0.0087,0.5653,NA,FALSE,FALSE,FALSE,297,0.0155,54162,17008,37154,0.5747,log odds,Alzheimer's disease || id:297,IGAP,2013,24162737,Disease,Psychiatric / neurological,Alzheimer's disease,Alzheimer's disease || IGAP || 2013,TRUE,mrbase,NA,NA,NA,NA,NA,NA,NA,1001,0.002,3.74E-08,293723,NA,NA,SD (years),Years of schooling || id:1001,reported,mrbase,TRUE,1001,rs7146434,A,G,0.5653,-0.014,0.002,3.74E-08,293723,NA,NA,SD (years),Years of schooling || id:1001,reported,mrbase,TRUE,2,TRUE
62,rs71537331,T,C,T,C,-0.017,0.0324,0.3713,NA,FALSE,FALSE,FALSE,297,0.0163,54162,17008,37154,0.04687,log odds,Alzheimer's disease || id:297,IGAP,2013,24162737,Disease,Psychiatric / neurological,Alzheimer's disease,Alzheimer's disease || IGAP || 2013,TRUE,mrbase,NA,NA,NA,NA,NA,NA,NA,1001,0.003,2.38E-10,293723,NA,NA,SD (years),Years of schooling || id:1001,reported,mrbase,TRUE,1001,rs71537331,T,C,0.3713,-0.017,0.003,2.38E-10,293723,NA,NA,SD (years),Years of schooling || id:1001,reported,mrbase,TRUE,2,TRUE
63,rs7599488,T,C,T,C,-0.017,0.0365,0.4254,NA,FALSE,FALSE,FALSE,297,0.0159,54162,17008,37154,0.02177,log odds,Alzheimer's disease || id:297,IGAP,2013,24162737,Disease,Psychiatric / neurological,Alzheimer's disease,Alzheimer's disease || IGAP || 2013,TRUE,mrbase,NA,NA,NA,NA,NA,NA,NA,1001,0.002,2.05E-11,293723,NA,NA,SD (years),Years of schooling || id:1001,reported,mrbase,TRUE,1001,rs7599488,T,C,0.4254,-0.017,0.002,2.05E-11,293723,NA,NA,SD (years),Years of schooling || id:1001,reported,mrbase,TRUE,2,TRUE
64,rs766406,T,G,T,G,0.014,-0.0145,0.6194,NA,FALSE,FALSE,FALSE,297,0.0164,54162,17008,37154,0.3774,log odds,Alzheimer's disease || id:297,IGAP,2013,24162737,Disease,Psychiatric / neurological,Alzheimer's disease,Alzheimer's disease || IGAP || 2013,TRUE,mrbase,NA,NA,NA,NA,NA,NA,NA,1001,0.003,1.89E-08,293723,NA,NA,SD (years),Years of schooling || id:1001,reported,mrbase,TRUE,1001,rs766406,T,G,0.6194,0.014,0.003,1.89E-08,293723,NA,NA,SD (years),Years of schooling || id:1001,reported,mrbase,TRUE,2,TRUE
65,rs7757476,A,G,A,G,0.02,0.0165,0.2313,NA,FALSE,FALSE,FALSE,297,0.0212,54162,17008,37154,0.4358,log odds,Alzheimer's disease || id:297,IGAP,2013,24162737,Disease,Psychiatric / neurological,Alzheimer's disease,Alzheimer's disease || IGAP || 2013,TRUE,mrbase,NA,NA,NA,NA,NA,NA,NA,1001,0.003,9.37E-10,293723,NA,NA,SD (years),Years of schooling || id:1001,reported,mrbase,TRUE,1001,rs7757476,A,G,0.2313,0.02,0.003,9.37E-10,293723,NA,NA,SD (years),Years of schooling || id:1001,reported,mrbase,TRUE,2,TRUE
66,rs7948975,T,C,T,C,0.014,0.0349,0.6586,NA,FALSE,FALSE,FALSE,297,0.0183,54162,17008,37154,0.05666,log odds,Alzheimer's disease || id:297,IGAP,2013,24162737,Disease,Psychiatric / neurological,Alzheimer's disease,Alzheimer's disease || IGAP || 2013,TRUE,mrbase,NA,NA,NA,NA,NA,NA,NA,1001,0.003,3.83E-08,293723,NA,NA,SD (years),Years of schooling || id:1001,reported,mrbase,TRUE,1001,rs7948975,T,C,0.6586,0.014,0.003,3.83E-08,293723,NA,NA,SD (years),Years of schooling || id:1001,reported,mrbase,TRUE,2,TRUE
67,rs7964899,A,G,A,G,0.017,-0.0162,0.4571,NA,FALSE,FALSE,FALSE,297,0.0156,54162,17008,37154,0.2967,log odds,Alzheimer's disease || id:297,IGAP,2013,24162737,Disease,Psychiatric / neurological,Alzheimer's disease,Alzheimer's disease || IGAP || 2013,TRUE,mrbase,NA,NA,NA,NA,NA,NA,NA,1001,0.002,1.99E-11,293723,NA,NA,SD (years),Years of schooling || id:1001,reported,mrbase,TRUE,1001,rs7964899,A,G,0.4571,0.017,0.002,1.99E-11,293723,NA,NA,SD (years),Years of schooling || id:1001,reported,mrbase,TRUE,2,TRUE
68,rs8049439,T,C,T,C,0.015,0.0196,0.6549,NA,FALSE,FALSE,FALSE,297,0.0163,54162,17008,37154,0.2298,log odds,Alzheimer's disease || id:297,IGAP,2013,24162737,Disease,Psychiatric / neurological,Alzheimer's disease,Alzheimer's disease || IGAP || 2013,TRUE,mrbase,NA,NA,NA,NA,NA,NA,NA,1001,0.003,2.69E-09,293723,NA,NA,SD (years),Years of schooling || id:1001,reported,mrbase,TRUE,1001,rs8049439,T,C,0.6549,0.015,0.003,2.69E-09,293723,NA,NA,SD (years),Years of schooling || id:1001,reported,mrbase,TRUE,2,TRUE
69,rs9527702,A,G,A,G,0.023,-0.0051,0.7631,NA,FALSE,FALSE,FALSE,297,0.018,54162,17008,37154,0.7776,log odds,Alzheimer's disease || id:297,IGAP,2013,24162737,Disease,Psychiatric / neurological,Alzheimer's disease,Alzheimer's disease || IGAP || 2013,TRUE,mrbase,NA,NA,NA,NA,NA,NA,NA,1001,0.003,4.99E-17,293723,NA,NA,SD (years),Years of schooling || id:1001,reported,mrbase,TRUE,1001,rs9527702,A,G,0.7631,0.023,0.003,4.99E-17,293723,NA,NA,SD (years),Years of schooling || id:1001,reported,mrbase,TRUE,2,TRUE
70,rs9556958,T,C,T,C,-0.015,-0.025,0.5019,NA,FALSE,FALSE,FALSE,297,0.0158,54162,17008,37154,0.1142,log odds,Alzheimer's disease || id:297,IGAP,2013,24162737,Disease,Psychiatric / neurological,Alzheimer's disease,Alzheimer's disease || IGAP || 2013,TRUE,mrbase,NA,NA,NA,NA,NA,NA,NA,1001,0.002,1.89E-09,293723,NA,NA,SD (years),Years of schooling || id:1001,reported,mrbase,TRUE,1001,rs9556958,T,C,0.5019,-0.015,0.002,1.89E-09,293723,NA,NA,SD (years),Years of schooling || id:1001,reported,mrbase,TRUE,2,TRUE
71,rs9616906,A,G,A,G,0.015,0.0041,0.4515,NA,FALSE,FALSE,FALSE,297,0.0175,54162,17008,37154,0.8147,log odds,Alzheimer's disease || id:297,IGAP,2013,24162737,Disease,Psychiatric / neurological,Alzheimer's disease,Alzheimer's disease || IGAP || 2013,TRUE,mrbase,NA,NA,NA,NA,NA,NA,NA,1001,0.003,1.73E-09,293723,NA,NA,SD (years),Years of schooling || id:1001,reported,mrbase,TRUE,1001,rs9616906,A,G,0.4515,0.015,0.003,1.73E-09,293723,NA,NA,SD (years),Years of schooling || id:1001,reported,mrbase,TRUE,2,TRUE
72,rs9739070,A,G,A,G,0.024,-0.0415,0.2295,NA,FALSE,FALSE,FALSE,297,0.0213,54162,17008,37154,0.05129,log odds,Alzheimer's disease || id:297,IGAP,2013,24162737,Disease,Psychiatric / neurological,Alzheimer's disease,Alzheimer's disease || IGAP || 2013,TRUE,mrbase,NA,NA,NA,NA,NA,NA,NA,1001,0.003,3.95E-16,293723,NA,NA,SD (years),Years of schooling || id:1001,reported,mrbase,TRUE,1001,rs9739070,A,G,0.2295,0.024,0.003,3.95E-16,293723,NA,NA,SD (years),Years of schooling || id:1001,reported,mrbase,TRUE,2,TRUE
73,rs9792504,A,G,A,G,-0.018,-0.0033,0.694,NA,FALSE,FALSE,FALSE,297,0.0165,54162,17008,37154,0.8431,log odds,Alzheimer's disease || id:297,IGAP,2013,24162737,Disease,Psychiatric / neurological,Alzheimer's disease,Alzheimer's disease || IGAP || 2013,TRUE,mrbase,NA,NA,NA,NA,NA,NA,NA,1001,0.003,3.25E-12,293723,NA,NA,SD (years),Years of schooling || id:1001,reported,mrbase,TRUE,1001,rs9792504,A,G,0.694,-0.018,0.003,3.25E-12,293723,NA,NA,SD (years),Years of schooling || id:1001,reported,mrbase,TRUE,2,TRUE
